,marcEntry,callNumber,library,numberOfCharges,numberOfBills,numberOfCopyHolds,totalCharges,inhouseCharges,totalCheckouts,totalRenewals,intervalCheckouts,intervalRenewals,intervalStartDate,recirculate,dateLastUsed,isReserveItem,copyNumber,itemID,library2,libraryDescription,currentLibrary,location,inTransitTo,inTransitFrom,datePutInTransit,transitReason
281,Philosophy for dummies / by Tom Morris.,B74 .M67 1999,LINCOLNCTR,0.0,0.0,0.0,59.0,0.0,10.0,8.0,0.0,0.0,1/14/2025,YES,2015-09-02,False,1.0,0201603896709,LINCOLNCTR,Lincoln Center--Quinn Library,LINCOLNCTR,QUINN_X,,,,
6456,Success for dummies / by Zig Ziglar ; foreword by Lou Holtz.,BF637.S8 Z54 1998,LINCOLNCTR,0.0,0.0,0.0,7.0,0.0,0.0,0.0,0.0,0.0,1/14/2025,YES,2008-05-01,False,1.0,0201603052105,LINCOLNCTR,Lincoln Center--Quinn Library,LINCOLNCTR,QUINN_X,,,,
7783,Astrology for dummies / by Rae Orion.,BF1708.1 .O75 1999,LINCOLNCTR,0.0,0.0,0.0,26.0,1.0,2.0,2.0,0.0,0.0,1/14/2025,YES,2016-08-22,False,1.0,0201603979273,LINCOLNCTR,Lincoln Center--Quinn Library,LINCOLNCTR,QUINN_X,,,,
8613,Etiquette for dummies / by Sue Fox.,BJ1853 .F69 1999,LINCOLNCTR,0.0,0.0,0.0,11.0,0.0,1.0,1.0,0.0,0.0,1/14/2025,YES,2014-04-02,False,1.0,0201603979257,LINCOLNCTR,Lincoln Center--Quinn Library,LINCOLNCTR,QUINN_X,,,,
38820,Workouts for dummies / by Tamilee Webb with Lori Seeger.,GV481 .W44 1998,LINCOLNCTR,0.0,0.0,0.0,4.0,0.0,0.0,0.0,0.0,0.0,1/14/2025,YES,2008-07-02,False,1.0,0201603464284,LINCOLNCTR,Lincoln Center--Quinn Library,LINCOLNCTR,QUINN_X,,,,
38821,Weight training for dummies / Liz Neporent and Suzanne Schlosberg.,GV546.5 .N46 1997,LINCOLNCTR,0.0,0.0,0.0,15.0,0.0,0.0,0.0,0.0,0.0,1/14/2025,YES,2010-07-06,False,1.0,0201602631974,LINCOLNCTR,Lincoln Center--Quinn Library,LINCOLNCTR,QUINN_X,,,,
38823,Sports memorabilia for dummies / by Pete Williams ; foreward by Gary Carter.,GV568.5 .W55 1998,LINCOLNCTR,0.0,0.0,0.0,0.0,0.0,0.0,0.0,0.0,0.0,1/14/2025,YES,,False,1.0,0201603317151,LINCOLNCTR,Lincoln Center--Quinn Library,LINCOLNCTR,QUINN_X,,,,
38873,Sailing for dummies / by JJ and Peter Isler.,GV811 .I8 1997,LINCOLNCTR,0.0,0.0,0.0,5.0,0.0,0.0,0.0,0.0,0.0,1/14/2025,YES,2002-06-11,False,1.0,0201602640561,LINCOLNCTR,Lincoln Center--Quinn Library,LINCOLNCTR,QUINN_X,,,,
38881,Hockey for dummies / by John Davidson with John Steinbreder ; preface by Mike Myers ; forward by Wayne Gretzky.,GV847 .G38 1997,LINCOLNCTR,0.0,0.0,0.0,0.0,0.0,0.0,0.0,0.0,0.0,1/14/2025,YES,,False,1.0,0201602774766,LINCOLNCTR,Lincoln Center--Quinn Library,LINCOLNCTR,QUINN_X,,,,
38883,Figure skating for dummies / by Kristi Yamaguchi with Christy Ness and Jody Meacham ; foreword by Scott Hamilton.,GV849 .Y36 1997,LINCOLNCTR,0.0,0.0,0.0,2.0,0.0,0.0,0.0,0.0,0.0,1/14/2025,YES,2002-07-31,False,1.0,0201602861423,LINCOLNCTR,Lincoln Center--Quinn Library,LINCOLNCTR,QUINN_X,,,,
38884,Skiing for dummies / by Allen St. John ; foreword by Jonny Moseley.,GV854 .S23 1999,LINCOLNCTR,0.0,0.0,0.0,0.0,0.0,0.0,0.0,0.0,0.0,1/14/2025,YES,,False,1.0,0201603881990,LINCOLNCTR,Lincoln Center--Quinn Library,LINCOLNCTR,QUINN_X,,,,
38889,Baseball for dummies / by Joe Morgan with Richard Lally ; foreword by Sparky Anderson.,GV863.A1 M67 1998,LINCOLNCTR,0.0,0.0,0.0,14.0,0.0,1.0,11.0,0.0,0.0,1/14/2025,YES,2017-01-18,False,1.0,0201603052717,LINCOLNCTR,Lincoln Center--Quinn Library,LINCOLNCTR,QUINN_X,,,,
38932,Basketball for dummies / by Digger Phelps with John Walters ; foreword by Dick Vitale.,GV885 .P48 1997,LINCOLNCTR,0.0,0.0,0.0,3.0,0.0,0.0,0.0,0.0,0.0,1/14/2025,YES,2005-08-26,False,1.0,0201602773750,LINCOLNCTR,Lincoln Center--Quinn Library,LINCOLNCTR,QUINN_X,,,,
38944,Football for dummies / by Howie Long with John Czarnecki.,GV951 .L65 1998,LINCOLNCTR,0.0,0.0,0.0,3.0,0.0,0.0,0.0,0.0,0.0,1/14/2025,YES,2004-05-06,False,1.0,0201603298450,LINCOLNCTR,Lincoln Center--Quinn Library,LINCOLNCTR,QUINN_X,,,,
38950,Golf for dummies / by Gary McCord  ; foreword by Alice Cooper.,GV965 .M236 1999,LINCOLNCTR,0.0,0.0,0.0,6.0,0.0,1.0,0.0,0.0,0.0,1/14/2025,YES,2012-08-21,False,1.0,0201603573019,LINCOLNCTR,Lincoln Center--Quinn Library,LINCOLNCTR,QUINN_X,,,,
38955,Tennis for dummies / by Patrick McEnroe with Peter Bodo ; foreword by John McEnroe.,GV995 .M34 1998,LINCOLNCTR,0.0,0.0,0.0,8.0,0.0,0.0,0.0,0.0,0.0,1/14/2025,YES,2005-07-05,False,1.0,0201603298492,LINCOLNCTR,Lincoln Center--Quinn Library,LINCOLNCTR,QUINN_X,,,,
38958,Bicycling for dummies / by Allen St. John.,GV1041 .S22 1999,LINCOLNCTR,0.0,0.0,0.0,4.0,0.0,1.0,0.0,0.0,0.0,1/14/2025,YES,2012-05-01,False,1.0,0201603568829,LINCOLNCTR,Lincoln Center--Quinn Library,LINCOLNCTR,QUINN_X,,,,
38963,Running for dummies / by Florence Griffith Joyner and John Hanc ; foreword by Jackie Joyner-Kersee.,GV1061 .G75 1999,LINCOLNCTR,0.0,0.0,0.0,15.0,0.0,1.0,0.0,0.0,0.0,1/14/2025,YES,2012-04-30,False,1.0,0201603606561,LINCOLNCTR,Lincoln Center--Quinn Library,LINCOLNCTR,QUINN_X,,,,
38976,Card games for dummies / by Barry Rigal ; foreword by Omar Sharif.,GV1243 .R54 1997,LINCOLNCTR,0.0,0.0,0.0,20.0,0.0,2.0,12.0,0.0,0.0,1/14/2025,YES,2012-03-02,False,1.0,0201602837910,LINCOLNCTR,Lincoln Center--Quinn Library,LINCOLNCTR,QUINN_X,,,,
38978,Bridge for dummies / by Eddie Kantar.,GV1282.3 .K36 1997,LINCOLNCTR,0.0,0.0,0.0,0.0,0.0,0.0,0.0,0.0,0.0,1/14/2025,YES,,False,1.0,0201602639506,LINCOLNCTR,Lincoln Center--Quinn Library,LINCOLNCTR,QUINN_X,,,,
38983,Chess for dummies / by James Eade.,GV1446 .E23 1996,LINCOLNCTR,0.0,0.0,0.0,52.0,0.0,2.0,9.0,0.0,0.0,1/14/2025,YES,2022-08-23,False,1.0,0201602373643,LINCOLNCTR,Lincoln Center--Quinn Library,LINCOLNCTR,QUINN_X,,,,
38988,Cocktail parties for dummies / by Jaymz Bee with Jan Gregor.,GV1471 .B44 1997,LINCOLNCTR,0.0,0.0,0.0,1.0,0.0,0.0,0.0,0.0,0.0,1/14/2025,YES,2003-04-14,False,1.0,0201602790077,LINCOLNCTR,Lincoln Center--Quinn Library,LINCOLNCTR,QUINN_X,,,,
38989,Entertaining for dummies / by Suzanne Williamson with Linda Smith ; foreword by Pat Conroy.,GV1471 .W55 1997,LINCOLNCTR,0.0,0.0,0.0,7.0,0.0,0.0,0.0,0.0,0.0,1/14/2025,YES,2003-04-14,False,1.0,0201602775953,LINCOLNCTR,Lincoln Center--Quinn Library,LINCOLNCTR,QUINN_X,,,,
38994,Magic for dummies / by David Pogue.,GV1547 .P64 1998,LINCOLNCTR,0.0,0.0,0.0,24.0,0.0,2.0,0.0,0.0,0.0,1/14/2025,YES,2014-05-05,False,1.0,0201603249222,LINCOLNCTR,Lincoln Center--Quinn Library,LINCOLNCTR,QUINN_X,,,,
45096,Small business networking for dummies / by Glenn E. Weadock ; illustrated by Emily Sherrill Weadock ; foreword by Eric Schmidt.,HD30.37 .W423 1998,LINCOLNCTR,0.0,0.0,0.0,1.0,1.0,0.0,0.0,0.0,0.0,1/14/2025,YES,2017-06-27,False,1.0,0201603057369,LINCOLNCTR,Lincoln Center--Quinn Library,LINCOLNCTR,QUINN_X,,,,
45097,Small business networking for dummies / by Glenn E. Weadock ; illustrated by Emily Sherrill Weadock ; foreword by Eric Schmidt.,HD30.37 .W423 1998,LINCOLNCTR,0.0,0.0,0.0,0.0,1.0,0.0,0.0,0.0,0.0,1/14/2025,YES,2017-06-27,False,2.0,0201602928909,LINCOLNCTR,Lincoln Center--Quinn Library,LINCOLNCTR,QUINN_X,,,,
50898,cc:Mail for dummies / by Victor R. Garza.,HE6239.E54 G37 1997,LINCOLNCTR,0.0,0.0,0.0,0.0,0.0,0.0,0.0,0.0,0.0,1/14/2025,YES,,False,1.0,0201602631016,LINCOLNCTR,Lincoln Center--Quinn Library,LINCOLNCTR,QUINN_X,,,,
50899,"E-mail for dummies / by John R. Levine, Carol Baroudi, Margy Levine Young, and Arnold Reinhold.",HE6239.E54 L48 1997,LINCOLNCTR,0.0,0.0,0.0,1.0,1.0,0.0,0.0,0.0,0.0,1/14/2025,YES,2017-06-28,False,1.0,0201602640603,LINCOLNCTR,Lincoln Center--Quinn Library,LINCOLNCTR,QUINN_X,,,,
50900,"E-mail for dummies / by John R. Levine, Carol Baroudi, Margy Levine Young, and Arnold Reinhold.",HE6239.E54 L48 1997,LINCOLNCTR,0.0,0.0,0.0,0.0,0.0,0.0,0.0,0.0,0.0,1/14/2025,YES,,False,2.0,0201602928842,LINCOLNCTR,Lincoln Center--Quinn Library,LINCOLNCTR,QUINN_X,,,,
51890,Job hunting for dummies / by Max Messmer ; foreword by Robert Half.,HF5382.7 .M474 1999,LINCOLNCTR,0.0,0.0,0.0,7.0,0.0,0.0,0.0,0.0,0.0,1/14/2025,YES,2000-04-28,False,1.0,0201603855515,LINCOLNCTR,Lincoln Center--Quinn Library,LINCOLNCTR,QUINN_X,,,,
52610,Lotus Domino for dummies / by Jon S. Stuart.,HF5548.4.L673 S78 1997,LINCOLNCTR,0.0,0.0,0.0,2.0,0.0,0.0,0.0,0.0,0.0,1/14/2025,YES,1999-03-19,False,1.0,0201602686929,LINCOLNCTR,Lincoln Center--Quinn Library,LINCOLNCTR,QUINN_X,,,,
52611,1-2-3 97 for Windows for dummies / by John Walkenbach.,HF5548.4.L67 W35 1997,LINCOLNCTR,0.0,0.0,0.0,0.0,0.0,0.0,0.0,0.0,0.0,1/14/2025,YES,,False,1.0,0201602458337,LINCOLNCTR,Lincoln Center--Quinn Library,LINCOLNCTR,QUINN_X,,,,
52612,SmartSuite 97 for Windows for dummies / by Jan Weingarten and Michael Meadhra.,HF5548.4.L6925 W45 1997,LINCOLNCTR,0.0,0.0,0.0,0.0,0.0,0.0,0.0,0.0,0.0,1/14/2025,YES,,False,1.0,0201602457040,LINCOLNCTR,Lincoln Center--Quinn Library,LINCOLNCTR,QUINN_X,,,,
52614,Lotus Notes R5 for dummies / by Steve Londergan and Pat Freeland.,HF5548.4.L692 L655 1999,LINCOLNCTR,0.0,0.0,0.0,2.0,0.0,0.0,0.0,0.0,0.0,1/14/2025,YES,2002-09-04,False,1.0,0201603569488,LINCOLNCTR,Lincoln Center--Quinn Library,LINCOLNCTR,QUINN_X,,,,
52615,Lotus Notes 4.5 for dummies : quick reference / Stephen Londergan & Pat Freeland.,HF5548.4.L692 L656 1997,LINCOLNCTR,0.0,0.0,0.0,4.0,0.0,0.0,0.0,0.0,0.0,1/14/2025,YES,1998-11-09,False,1.0,0201602735007,LINCOLNCTR,Lincoln Center--Quinn Library,LINCOLNCTR,QUINN_X,,,,
52616,Lotus Notes R5 for dummies : quick references / by Steve Londergan and Pat Freeland.,HF5548.4.L692 L656 1999,LINCOLNCTR,0.0,0.0,0.0,1.0,0.0,0.0,0.0,0.0,0.0,1/14/2025,YES,2002-10-14,False,1.0,0201603749551,LINCOLNCTR,Lincoln Center--Quinn Library,LINCOLNCTR,QUINN_X,,,,
52618,Excel 2000 for Windows for dummies / by Greg Harvey.,HF5548.4.M523 H374 1999,LINCOLNCTR,1.0,0.0,0.0,0.0,0.0,0.0,0.0,0.0,0.0,1/14/2025,CHARGED,2019-11-19,False,1.0,0201603572805,LINCOLNCTR,Lincoln Center--Quinn Library,LINCOLNCTR,TRACE,,,,
52624,Microsoft Office 97 for Windows for dummies : quick reference / by Wallace Wang and Roger C. Parker.,HF5548.4.M525 L693 1996,LINCOLNCTR,0.0,0.0,0.0,3.0,0.0,0.0,0.0,0.0,0.0,1/14/2025,YES,2001-10-14,False,1.0,0201602535712,LINCOLNCTR,Lincoln Center--Quinn Library,LINCOLNCTR,QUINN_X,,,,
52633,Microsoft Works 2000 for dummies : quick reference / by Bjoern-Erik Hartsfvang and Stuart J. Stuple.,HF5548.4.M53 H37 1999,LINCOLNCTR,0.0,0.0,0.0,0.0,0.0,0.0,0.0,0.0,0.0,1/14/2025,YES,,False,1.0,0201603978879,LINCOLNCTR,Lincoln Center--Quinn Library,LINCOLNCTR,QUINN_X,,,,
53404,Business writing for dummies / by Sheryl Lindsell-Roberts.,HF5718.3 .L57 1999,LINCOLNCTR,0.0,0.0,0.0,1.0,0.0,0.0,0.0,0.0,0.0,1/14/2025,YES,1999-12-07,False,1.0,0201603568787,LINCOLNCTR,Lincoln Center--Quinn Library,LINCOLNCTR,QUINN_X,,,,
53405,Writing business letters for dummies / by Sheryl Lindsell-Roberts.,HF5718.3 .L58 1999,LINCOLNCTR,0.0,1.0,0.0,10.0,0.0,1.0,1.0,0.0,0.0,1/14/2025,YES,2018-01-31,False,1.0,0201603920426,LINCOLNCTR,Lincoln Center--Quinn Library,LINCOLNCTR,QUINN_X,,,,
54576,Investing for dummies / by Eric Tyson.,HG4521 .T97 1999,LINCOLNCTR,0.0,1.0,0.0,34.0,0.0,3.0,0.0,0.0,0.0,1/14/2025,YES,2014-08-04,False,1.0,0201603936919,LINCOLNCTR,Lincoln Center--Quinn Library,LINCOLNCTR,QUINN_X,,,,
54754,Mortgages for dummies / by Eric Tyson and Ray Brown.,HG4655 .T97 1999,LINCOLNCTR,0.0,0.0,0.0,4.0,2.0,0.0,0.0,0.0,0.0,1/14/2025,YES,2016-06-16,False,1.0,0201603574520,LINCOLNCTR,Lincoln Center--Quinn Library,LINCOLNCTR,QUINN_X,,,,
59912,Making marriage work for dummies / by Steven Simring and Sue Klavans Simring with Gene Busnar.,HQ734 .S62 1999,LINCOLNCTR,0.0,0.0,0.0,10.0,0.0,0.0,0.0,0.0,0.0,1/14/2025,YES,2004-12-01,False,1.0,0201603960307,LINCOLNCTR,Lincoln Center--Quinn Library,LINCOLNCTR,QUINN_X,,,,
59929,Weddings for dummies / by Marcy Blum and Laura Fisher Kaiser.,HQ745 .B58 1997,LINCOLNCTR,0.0,0.0,0.0,21.0,0.0,1.0,0.0,0.0,0.0,1/14/2025,YES,2015-07-13,False,1.0,0201602947834,LINCOLNCTR,Lincoln Center--Quinn Library,LINCOLNCTR,QUINN_X,,,,
60795,Dating for dummies / by Joy Browne.,HQ801 .B87 1997,LINCOLNCTR,1.0,0.0,0.0,28.0,1.0,2.0,4.0,0.0,0.0,1/14/2025,CHARGED,2020-01-30,False,1.0,0201602959318,LINCOLNCTR,Lincoln Center--Quinn Library,LINCOLNCTR,TRACE,,,,
60850,Divorce for dummies / by John Ventura and Mary Reed.,HQ834 .V46 1998,LINCOLNCTR,0.0,0.0,0.0,1.0,0.0,0.0,0.0,0.0,0.0,1/14/2025,YES,2001-05-06,False,1.0,0201603134648,LINCOLNCTR,Lincoln Center--Quinn Library,LINCOLNCTR,QUINN_X,,,,
73122,College planning for dummies / by Pat Ordovensky.,LB2350.5 .O77 1999,LINCOLNCTR,0.0,0.0,0.0,0.0,0.0,0.0,0.0,0.0,0.0,1/14/2025,YES,,False,1.0,0201603797089,LINCOLNCTR,Lincoln Center--Quinn Library,LINCOLNCTR,QUINN_X,,,,
73130,The ACT for dummies / by Suzee Vlk.,LB2353.48 .V56 1999,LINCOLNCTR,0.0,0.0,0.0,0.0,0.0,0.0,0.0,0.0,0.0,1/14/2025,YES,,False,1.0,0201603955455,LINCOLNCTR,Lincoln Center--Quinn Library,LINCOLNCTR,QUINN_X,,,,
73132,The SAT I for dummies / by Suzee Vlk.,LB2353.57 .V56 1999,LINCOLNCTR,0.0,0.0,0.0,14.0,0.0,1.0,5.0,0.0,0.0,1/14/2025,YES,2012-06-16,False,1.0,0201603816897,LINCOLNCTR,Lincoln Center--Quinn Library,LINCOLNCTR,QUINN_X,,,,
73139,The GRE for dummies / by Suzee Vlk.,LB2367.4 .V557 1998,LINCOLNCTR,0.0,0.0,0.0,16.0,0.0,2.0,1.0,0.0,0.0,1/14/2025,YES,2013-05-14,False,1.0,0201603045604,LINCOLNCTR,Lincoln Center--Quinn Library,LINCOLNCTR,QUINN_X,,,,
76486,Opera for dummies / by David Pogue and Scott Speck ; foreword by Roger Pines.,ML1700 .P64 1997,LINCOLNCTR,0.0,0.0,0.0,23.0,1.0,0.0,0.0,0.0,0.0,1/14/2025,YES,2017-08-22,False,1.0,0201602758249,LINCOLNCTR,Lincoln Center--Quinn Library,LINCOLNCTR,QUINN_X,,,,
76487,Opera for dummies / by David Pogue and Scott Speck ; foreword by Roger Pines.,ML1700 .P64 1997,LINCOLNCTR,0.0,0.0,0.0,7.0,0.0,0.0,0.0,0.0,0.0,1/14/2025,YES,2004-01-15,False,2.0,0201602476057,LINCOLNCTR,Lincoln Center--Quinn Library,LINCOLNCTR,QUINN_X,,,,
76488,Opera for dummies / by David Pogue and Scott Speck ; foreword by Roger Pines.,ML1700 .P64 1997,LINCOLNCTR,0.0,0.0,0.0,3.0,0.0,0.0,0.0,0.0,0.0,1/14/2025,YES,2009-02-24,False,3.0,0201606323180,LINCOLNCTR,Lincoln Center--Quinn Library,LINCOLNCTR,QUINN_X,,,,
76616,"Blues for dummies / by Lonnie Brooks, Cub Koda, and Wayne Baker Brooks ; foreward by Dan Aykroyd ; afterword by B.B. King.",ML3521 .B76 1998,LINCOLNCTR,0.0,0.0,0.0,4.0,1.0,1.0,0.0,0.0,0.0,1/14/2025,YES,2020-09-08,False,1.0,0201603301486,LINCOLNCTR,Lincoln Center--Quinn Library,LINCOLNCTR,QUINN_X,,,,
76617,"Blues for dummies / by Lonnie Brooks, Cub Koda, and Wayne Baker Brooks ; foreward by Dan Aykroyd ; afterword by B.B. King.",ML3521 .B76 1998,LINCOLNCTR,0.0,0.0,0.0,0.0,0.0,0.0,0.0,0.0,0.0,1/14/2025,YES,,False,2.0,0201602489902,LINCOLNCTR,Lincoln Center--Quinn Library,LINCOLNCTR,QUINN_X,,,,
76783,Classical music for dummies / by David Pogue and Scott Speck ; preface by Zarin Mehta ; foreword by Glenn Dicterow.,ML3880 .P64 1997,LINCOLNCTR,0.0,0.0,0.0,8.0,1.0,0.0,0.0,0.0,0.0,1/14/2025,YES,2017-08-22,False,1.0,0201602774725,LINCOLNCTR,Lincoln Center--Quinn Library,LINCOLNCTR,QUINN_X,,,,
76784,Classical music for dummies / by David Pogue and Scott Speck ; preface by Zarin Mehta ; foreword by Glenn Dicterow.,ML3880 .P64 1997,LINCOLNCTR,0.0,0.0,0.0,0.0,0.0,0.0,0.0,0.0,0.0,1/14/2025,YES,,False,2.0,0201602476065,LINCOLNCTR,Lincoln Center--Quinn Library,LINCOLNCTR,QUINN_X,,,,
76882,Piano for dummies / by Blake Neely.,MT220 .N44 1998,LINCOLNCTR,0.0,0.0,0.0,49.0,0.0,2.0,16.0,0.0,2.0,1/14/2025,YES,2025-02-20,False,1.0,0201603317136,LINCOLNCTR,Lincoln Center--Quinn Library,LINCOLNCTR,QUINN_X,,,,
77788,Art for dummies / by Thomas Hoving ; foreword by Andrew Wyeth.,N7477 .H68 1999,LINCOLNCTR,0.0,0.0,0.0,7.0,1.0,0.0,0.0,0.0,0.0,1/14/2025,YES,2022-11-10,False,1.0,0201603922323,LINCOLNCTR,Lincoln Center--Quinn Library,LINCOLNCTR,QUINN_X,,,,
78386,Decks & patios for dummies / by Robert J. Beckstrom & the editors of the National Gardening Association.,NA8375 .B43 1998,LINCOLNCTR,0.0,0.0,0.0,1.0,0.0,0.0,0.0,0.0,0.0,1/14/2025,YES,2001-09-25,False,1.0,0201603075304,LINCOLNCTR,Lincoln Center--Quinn Library,LINCOLNCTR,QUINN_X,,,,
79274,Antiquing for dummies / by Ron Zoglin and Deborah Shouse.,NK1125 .Z64 1999,LINCOLNCTR,0.0,0.0,0.0,0.0,0.0,0.0,0.0,0.0,0.0,1/14/2025,YES,,False,1.0,0201603572789,LINCOLNCTR,Lincoln Center--Quinn Library,LINCOLNCTR,QUINN_X,,,,
79290,Home decorating for dummies / by Patricia Hart McMillan and Katharine Kaye McMillan.,NK2115 .M36 1998,LINCOLNCTR,0.0,0.0,0.0,7.0,0.0,1.0,0.0,0.0,0.0,1/14/2025,YES,2011-12-05,False,1.0,0201603330485,LINCOLNCTR,Lincoln Center--Quinn Library,LINCOLNCTR,QUINN_X,,,,
83504,TOEFL for dummies / by Suzee Vlk.,PE1128 .V55 1999,LINCOLNCTR,0.0,0.0,0.0,21.0,1.0,3.0,1.0,0.0,0.0,1/14/2025,YES,2017-07-12,False,1.0,0201603569181,LINCOLNCTR,Lincoln Center--Quinn Library,LINCOLNCTR,QUINN_X,,,,
83505,TOEFL for dummies / by Suzee Vlk.,PE1128 .V55 1999,LINCOLNCTR,0.0,0.0,0.0,11.0,0.0,1.0,0.0,0.0,0.0,1/14/2025,YES,2013-02-26,False,2.0,0201603569199,LINCOLNCTR,Lincoln Center--Quinn Library,LINCOLNCTR,QUINN_X,,,,
115835,MCSE study tips for dummies / by Curt Simmons and Patrick Terrance Neal.,QA76.3 .S56 1998,LINCOLNCTR,0.0,0.0,0.0,15.0,0.0,0.0,0.0,0.0,0.0,1/14/2025,YES,2000-02-23,False,1.0,0201603498035,LINCOLNCTR,Lincoln Center--Quinn Library,LINCOLNCTR,QUINN_X,,,,
115838,The Microsoft Network for dummies / by Doug Lowe.,QA76.57.M52 L688 1997,LINCOLNCTR,0.0,0.0,0.0,0.0,0.0,0.0,0.0,0.0,0.0,1/14/2025,YES,,False,1.0,0201602717484,LINCOLNCTR,Lincoln Center--Quinn Library,LINCOLNCTR,QUINN_X,,,,
115842,Mobile computing for dummies / by Cliff Roth.,QA76.59 .R67 1997,LINCOLNCTR,0.0,0.0,0.0,0.0,0.0,0.0,0.0,0.0,0.0,1/14/2025,YES,,False,1.0,0201602745329,LINCOLNCTR,Lincoln Center--Quinn Library,LINCOLNCTR,QUINN_X,,,,
115844,PCs for dummies / by Dan Gookin.,QA76.5 .G6225 1999,LINCOLNCTR,0.0,0.0,0.0,1.0,0.0,0.0,0.0,0.0,0.0,1/14/2025,YES,1999-10-19,False,1.0,0201603898309,LINCOLNCTR,Lincoln Center--Quinn Library,LINCOLNCTR,QUINN_X,,,,
115869,Visual Basic 6 for dummies / by Wallace Wang.,QA76.73.B3 W364 1998,LINCOLNCTR,1.0,1.0,0.0,16.0,0.0,0.0,0.0,0.0,0.0,1/14/2025,CHARGED,2002-05-07,False,1.0,0201603329651,LINCOLNCTR,Lincoln Center--Quinn Library,LINCOLNCTR,LOST-ASSUM,,,,
115872,C++ for dummies quick reference / by Namir Clement Shammas.,QA76.73.C153 S469 1998,LINCOLNCTR,0.0,0.0,0.0,2.0,0.0,0.0,0.0,0.0,0.0,1/14/2025,YES,1999-02-15,False,1.0,0201603298377,LINCOLNCTR,Lincoln Center--Quinn Library,LINCOLNCTR,QUINN_X,,,,
115884,"Java API for dummies, quick reference / by Stephen D. Lockwood and Madhu Siddalingaiah.",QA76.73.J38 L63 1997,LINCOLNCTR,0.0,0.0,0.0,7.0,0.0,1.0,0.0,0.0,0.0,1/14/2025,YES,2015-10-22,False,1.0,0201602568739,LINCOLNCTR,Lincoln Center--Quinn Library,LINCOLNCTR,QUINN_X,,,,
115888,Javascript for dummies quick reference / by Emily A. Vander Veer.,QA76.73.J38 V373 1997,LINCOLNCTR,0.0,0.0,0.0,50.0,1.0,0.0,0.0,0.0,0.0,1/14/2025,YES,2016-01-14,False,1.0,0201602565842,LINCOLNCTR,Lincoln Center--Quinn Library,LINCOLNCTR,QUINN_X,,,,
115892,Beginning programming for dummies / by Wallace Wang.,QA76.73.Q33 W36 1999,LINCOLNCTR,0.0,0.0,0.0,6.0,0.0,1.0,0.0,0.0,0.0,1/14/2025,YES,2015-10-29,False,1.0,0201603921713,LINCOLNCTR,Lincoln Center--Quinn Library,LINCOLNCTR,QUINN_X,,,,
115898,Windows game programming for dummies / by André LaMothe ; foreword by Steve Smith.,QA76.76.C672 L36 1998,LINCOLNCTR,0.0,0.0,0.0,2.0,0.0,0.0,0.0,0.0,0.0,1/14/2025,YES,2005-12-01,False,1.0,0201603078076,LINCOLNCTR,Lincoln Center--Quinn Library,LINCOLNCTR,LOST-ASSUM,,,,
115899,Windows game programming for dummies / by André LaMothe ; foreword by Steve Smith.,QA76.76.C672 L36 1998,LINCOLNCTR,0.0,0.0,0.0,1.0,0.0,0.0,0.0,0.0,0.0,1/14/2025,YES,2005-12-01,False,2.0,0201601860798,LINCOLNCTR,Lincoln Center--Quinn Library,LINCOLNCTR,LOST-ASSUM,,,,
115905,XML for dummies quick reference / by Mariva H. Aviram.,QA76.76.H94 A88 1998,LINCOLNCTR,1.0,1.0,0.0,13.0,0.0,0.0,5.0,0.0,0.0,1/14/2025,CHARGED,2016-07-16,False,1.0,0201603298047,LINCOLNCTR,Lincoln Center--Quinn Library,LINCOLNCTR,LOST-ASSUM,,,,
115907,Dynamic HTML for dummies / by Michael I. Hyman.,QA76.76.H94 H925 1999,LINCOLNCTR,1.0,1.0,0.0,31.0,0.0,0.0,5.0,0.0,0.0,1/14/2025,CHARGED,2016-07-16,False,1.0,0201603569462,LINCOLNCTR,Lincoln Center--Quinn Library,LINCOLNCTR,LOST-ASSUM,,,,
115908,Creating Web pages for dummies : quick reference / by Doug Lowe.,QA76.76.H94 L68 1999,LINCOLNCTR,0.0,0.0,0.0,20.0,0.0,0.0,0.0,0.0,0.0,1/14/2025,YES,2002-02-18,False,1.0,0201603569884,LINCOLNCTR,Lincoln Center--Quinn Library,LINCOLNCTR,QUINN_X,,,,
115912,HTML for dummies quick reference / by Deborah S. Ray and Eric J. Ray.,QA76.76.H94 R39 1997,LINCOLNCTR,0.0,0.0,0.0,22.0,0.0,0.0,0.0,0.0,0.0,1/14/2025,YES,2009-11-04,False,1.0,0201602646717,LINCOLNCTR,Lincoln Center--Quinn Library,LINCOLNCTR,QUINN_X,,,,
115914,HTML for dummies / by Ed Tittel and Steve James.,QA76.76.H94 T565 1997,LINCOLNCTR,0.0,0.0,0.0,1.0,0.0,0.0,0.0,0.0,0.0,1/14/2025,YES,1998-11-29,False,2.0,0201602483558,LINCOLNCTR,Lincoln Center--Quinn Library,LINCOLNCTR,QUINN_X,,,,
115917,DOS for dummies / by Dan Gookin.,QA76.76.O63 G667 1998,LINCOLNCTR,0.0,0.0,0.0,8.0,1.0,0.0,0.0,0.0,0.0,1/14/2025,YES,2016-01-14,False,1.0,0201603171871,LINCOLNCTR,Lincoln Center--Quinn Library,LINCOLNCTR,QUINN_X,,,,
115918,DOS for dummies quick reference / by Greg Harvey.,QA76.76.O63 H367 1998,LINCOLNCTR,0.0,0.0,0.0,9.0,0.0,0.0,0.0,0.0,0.0,1/14/2025,YES,2009-03-09,False,1.0,0201606338279,LINCOLNCTR,Lincoln Center--Quinn Library,LINCOLNCTR,QUINN_X,,,,
115919,Windows NT 4 for dummies : quick reference / by Valda Hilley.,QA76.76.O63 H544 1996,LINCOLNCTR,0.0,0.0,0.0,6.0,0.0,0.0,0.0,0.0,0.0,1/14/2025,YES,1998-12-09,False,1.0,0201602535548,LINCOLNCTR,Lincoln Center--Quinn Library,LINCOLNCTR,QUINN_X,,,,
115921,UNIX for dummies / by John R. Levine and Margaret Levine Young.,QA76.76.O63 L48 1998,LINCOLNCTR,0.0,0.0,0.0,18.0,0.0,0.0,0.0,0.0,0.0,1/14/2025,YES,2001-12-16,False,1.0,0201603308929,LINCOLNCTR,Lincoln Center--Quinn Library,LINCOLNCTR,QUINN_X,,,,
115922,MAC OS9 for dummies / by Bob LeVitus ; foreword by Steven Bobker.,QA76.76.O63 L4883 1999,LINCOLNCTR,0.0,0.0,0.0,5.0,0.0,0.0,0.0,0.0,0.0,1/14/2025,YES,2001-07-02,False,1.0,0201603960380,LINCOLNCTR,Lincoln Center--Quinn Library,LINCOLNCTR,QUINN_X,,,,
115931,Windows 2000 Professional for dummies / Andy Rathbone and Sharon Crawford.,QA76.76.O63 R377 1999,LINCOLNCTR,0.0,0.0,0.0,8.0,0.0,0.0,0.0,0.0,0.0,1/14/2025,YES,2005-04-25,False,1.0,0201604354336,LINCOLNCTR,Lincoln Center--Quinn Library,LINCOLNCTR,QUINN_X,,,,
115940,UNIX for dummies quick reference / by Margaret Levin Young and John R. Levine.,QA76.76.O63 Y68 1998,LINCOLNCTR,0.0,0.0,0.0,6.0,0.0,0.0,0.0,0.0,0.0,1/14/2025,YES,2003-01-29,False,1.0,0201603308903,LINCOLNCTR,Lincoln Center--Quinn Library,LINCOLNCTR,QUINN_X,,,,
115949,The iMac for dummies / by David Pogue.,QA76.8.I52 P64 1998,LINCOLNCTR,1.0,1.0,0.0,19.0,0.0,0.0,3.0,0.0,0.0,1/14/2025,CHARGED,2013-07-16,False,1.0,0201603565775,LINCOLNCTR,Lincoln Center--Quinn Library,LINCOLNCTR,LOST-ASSUM,,,,
115959,SAP R/3 administration for dummies / by Joey Hirao and Jim Meade.,QA76.9.C55 H57 1999,LINCOLNCTR,0.0,0.0,0.0,13.0,0.0,0.0,0.0,0.0,0.0,1/14/2025,YES,2002-05-08,False,1.0,0201603582945,LINCOLNCTR,Lincoln Center--Quinn Library,LINCOLNCTR,QUINN_X,,,,
115960,Client/server computing for dummies / by Doug Lowe ; revised by David Helda.,QA76.9.C55 L69 1999,LINCOLNCTR,0.0,0.0,0.0,3.0,0.0,0.0,0.0,0.0,0.0,1/14/2025,YES,2004-03-16,False,1.0,0201603551080,LINCOLNCTR,Lincoln Center--Quinn Library,LINCOLNCTR,QUINN_X,,,,
116003,Data warehousing for dummies / by Alan R. Simon.,QA76.9.D37 S55 1997,LINCOLNCTR,0.0,0.0,0.0,7.0,0.0,0.0,0.0,0.0,0.0,1/14/2025,YES,2001-04-07,False,1.0,0201602952768,LINCOLNCTR,Lincoln Center--Quinn Library,LINCOLNCTR,QUINN_X,,,,
116011,Approach 97 for Windows for dummies / by Deborah S. Ray and Eric J. Ray.,QA76.9.D3 R29 1997,LINCOLNCTR,0.0,0.0,0.0,5.0,0.0,0.0,0.0,0.0,0.0,1/14/2025,YES,1998-09-09,False,1.0,0201602544771,LINCOLNCTR,Lincoln Center--Quinn Library,LINCOLNCTR,QUINN_X,,,,
116014,Crystal reports 5 for dummies / by Douglas J. Wolf.,QA76.9.D3 W65 1997,LINCOLNCTR,0.0,0.0,0.0,3.0,0.0,0.0,0.0,0.0,0.0,1/14/2025,YES,1999-06-21,False,1.0,0201602717450,LINCOLNCTR,Lincoln Center--Quinn Library,LINCOLNCTR,QUINN_X,,,,
117035,Astronomy for dummies / by Stephen P. Maran.,QB44.2 .M37 1999,LINCOLNCTR,0.0,0.0,0.0,5.0,0.0,2.0,0.0,0.0,0.0,1/14/2025,YES,2012-10-02,False,1.0,0201603960349,LINCOLNCTR,Lincoln Center--Quinn Library,LINCOLNCTR,QUINN_X,,,,
118651,"Bird watching for dummies / by Bill Thompson, III ; foreword by John C. Sawhill.",QL677.5 .T48 1997,LINCOLNCTR,0.0,0.0,0.0,2.0,0.0,0.0,0.0,0.0,0.0,1/14/2025,YES,2001-03-26,False,1.0,0201602773891,LINCOLNCTR,Lincoln Center--Quinn Library,LINCOLNCTR,QUINN_X,,,,
119498,Alternative medicine for dummies / by James Dillard and Terra Ziporyn.,R733 .D52 1998,LINCOLNCTR,0.0,0.0,0.0,4.0,0.0,0.0,0.0,0.0,0.0,1/14/2025,YES,2007-03-30,False,1.0,0201603471370,LINCOLNCTR,Lincoln Center--Quinn Library,LINCOLNCTR,QUINN_X,,,,
119586,"Family health for dummies / by Charles B. Inlander, Karla Morales & The People's Medical Society.",RA777.7 .I55 1998,LINCOLNCTR,0.0,0.0,0.0,0.0,0.0,0.0,0.0,0.0,0.0,1/14/2025,YES,,False,1.0,0201603568803,LINCOLNCTR,Lincoln Center--Quinn Library,LINCOLNCTR,QUINN_X,,,,
119587,Men's health for dummies / by Charles Inlander and the People's Medical Society.,RA777.8 .I65 1999,LINCOLNCTR,0.0,0.0,0.0,2.0,0.0,0.0,0.0,0.0,0.0,1/14/2025,YES,1999-08-17,False,1.0,0201603608880,LINCOLNCTR,Lincoln Center--Quinn Library,LINCOLNCTR,QUINN_X,,,,
119590,Women's health for dummies / by Pamela Maraldo and the People's Medical Society.,RA778 .M352 1999,LINCOLNCTR,0.0,0.0,0.0,30.0,0.0,0.0,0.0,0.0,0.0,1/14/2025,YES,2005-12-06,False,1.0,0201603572995,LINCOLNCTR,Lincoln Center--Quinn Library,LINCOLNCTR,QUINN_X,,,,
119591,"Beauty secrets for dummies / Stephanie Seymour ; foreword by Sarah, the Duchess of York.",RA778 .S45 1998,LINCOLNCTR,0.0,0.0,0.0,39.0,0.0,1.0,0.0,0.0,0.0,1/14/2025,YES,2012-08-21,False,1.0,0201603330469,LINCOLNCTR,Lincoln Center--Quinn Library,LINCOLNCTR,QUINN_X,,,,
119593,Yoga for dummies / Georg Feuerstein & Larry Payne ; foreword by Lilias Folan.,RA781.7 .F48 1999,LINCOLNCTR,1.0,0.0,0.0,33.0,0.0,0.0,0.0,0.0,0.0,1/14/2025,CHARGED,2006-02-27,False,1.0,0201603574546,LINCOLNCTR,Lincoln Center--Quinn Library,LINCOLNCTR,MISSING,,,,
119597,Healthy eating on the go for dummies / by Lynn Fischer and Carol Ann Rinzler.,RA784 .F58 1997,LINCOLNCTR,0.0,0.0,0.0,17.0,0.0,0.0,0.0,0.0,0.0,1/14/2025,YES,2002-01-21,False,1.0,0201602571220,LINCOLNCTR,Lincoln Center--Quinn Library,LINCOLNCTR,QUINN_X,,,,
119598,Nutrition for dummies / by Carol Ann Rinzler.,RA784 .R56 1997,LINCOLNCTR,0.0,0.0,0.0,22.0,0.0,0.0,0.0,0.0,0.0,1/14/2025,YES,2006-12-10,False,1.0,0201602543401,LINCOLNCTR,Lincoln Center--Quinn Library,LINCOLNCTR,QUINN_X,,,,
119599,Nutrition for dummies / by Carol Ann Rinzler.,RA784 .R56 1999,LINCOLNCTR,0.0,0.0,0.0,18.0,0.0,1.0,0.0,0.0,0.0,1/14/2025,YES,2011-12-01,False,1.0,0201603819552,LINCOLNCTR,Lincoln Center--Quinn Library,LINCOLNCTR,QUINN_X,,,,
119601,Stress management for dummies / by Allen Elkin ; foreword by Paul J. Rosch.,RA785 .E44 1999,LINCOLNCTR,0.0,0.0,0.0,6.0,1.0,1.0,0.0,0.0,0.0,1/14/2025,YES,2016-05-31,False,1.0,0201603920400,LINCOLNCTR,Lincoln Center--Quinn Library,LINCOLNCTR,QUINN_X,,,,
119752,"First aid & safety for dummies / by Charles B. Inlander, Janet Worsley Norwood & the People's Medical Society.",RC87 .I54 1999,LINCOLNCTR,0.0,0.0,0.0,0.0,1.0,0.0,0.0,0.0,0.0,1/14/2025,YES,2016-03-05,False,1.0,0201603985296,LINCOLNCTR,Lincoln Center--Quinn Library,LINCOLNCTR,QUINN_X,,,,
122573,Diabetes for dummies / by Alan L. Rubin.,RC660.4 .R83 1999,LINCOLNCTR,0.0,0.0,0.0,10.0,0.0,0.0,0.0,0.0,0.0,1/14/2025,YES,2004-12-22,False,1.0,0201603896774,LINCOLNCTR,Lincoln Center--Quinn Library,LINCOLNCTR,QUINN_X,,,,
122648,Back pain remedies for dummies / by Michael S. Sinel and William W. Deardorff.,RD771.B217 S56 1999,LINCOLNCTR,0.0,0.0,0.0,3.0,0.0,0.0,0.0,0.0,0.0,1/14/2025,YES,2006-12-07,False,1.0,0201603750013,LINCOLNCTR,Lincoln Center--Quinn Library,LINCOLNCTR,QUINN_X,,,,
122689,"Pregnancy for dummies / by Joanne Stone, Keith Eddleman and Mary Duenwald.",RG551 .S76 1999,LINCOLNCTR,0.0,0.0,0.0,11.0,1.0,0.0,0.0,0.0,0.0,1/14/2025,YES,2016-07-13,False,1.0,0201603572581,LINCOLNCTR,Lincoln Center--Quinn Library,LINCOLNCTR,QUINN_X,,,,
123180,Healing foods for dummies / by Molly Siple.,RM216 .S76 1999,LINCOLNCTR,0.0,0.0,0.0,15.0,0.0,1.0,2.0,0.0,0.0,1/14/2025,YES,2012-03-23,False,1.0,0201603979174,LINCOLNCTR,Lincoln Center--Quinn Library,LINCOLNCTR,QUINN_X,,,,
123182,Dieting for dummies / by Jane Kirby for the American Dietetic Association.,RM222.2 .K545 1998,LINCOLNCTR,0.0,0.0,0.0,8.0,0.0,0.0,0.0,0.0,0.0,1/14/2025,YES,2008-03-05,False,1.0,0201603442082,LINCOLNCTR,Lincoln Center--Quinn Library,LINCOLNCTR,QUINN_X,,,,
123186,Lowfat cooking for dummies / by Lynn Fischer.,RM237.7 .F55 1997,LINCOLNCTR,0.0,0.0,0.0,17.0,0.0,0.0,0.0,0.0,0.0,1/14/2025,YES,2008-10-18,False,1.0,0201602567491,LINCOLNCTR,Lincoln Center--Quinn Library,LINCOLNCTR,QUINN_X,,,,
123187,Vitamins for dummies / by Christopher Hobbs and Elson Haas.,RM259.V5 H63 1999,LINCOLNCTR,0.0,0.0,0.0,10.0,0.0,3.0,1.0,0.0,0.0,1/14/2025,YES,2012-05-04,False,1.0,0201603886262,LINCOLNCTR,Lincoln Center--Quinn Library,LINCOLNCTR,QUINN_X,,,,
123196,Aromatherapy for dummies / by Kathi Keville.,RM666.A68 K48 1999,LINCOLNCTR,0.0,0.0,0.0,4.0,0.0,0.0,0.0,0.0,0.0,1/14/2025,YES,2004-09-13,False,1.0,0201603886247,LINCOLNCTR,Lincoln Center--Quinn Library,LINCOLNCTR,QUINN_X,,,,
123198,Herbal remedies for dummies / by Christopher Hobbs.,RM666.H33 H62 1998,LINCOLNCTR,0.0,0.0,0.0,23.0,0.0,1.0,0.0,0.0,0.0,1/14/2025,YES,2016-10-06,False,1.0,0201603397450,LINCOLNCTR,Lincoln Center--Quinn Library,LINCOLNCTR,QUINN_X,,,,
123200,Massage for dummies / Steve Capellini and Michel Van Welden ; foreword by Robin Leach.,RM721 .C36 1999,LINCOLNCTR,1.0,0.0,0.0,6.0,0.0,0.0,0.0,0.0,0.0,1/14/2025,CHARGED,2010-08-26,False,1.0,0201603920368,LINCOLNCTR,Lincoln Center--Quinn Library,LINCOLNCTR,MISSING,,,,
123289,Vegetable gardening for dummies / by Charlie Nardozzi and the editors of the National Gardening Association.,SB321 .N28 1999,LINCOLNCTR,0.0,0.0,0.0,2.0,0.0,1.0,0.0,0.0,0.0,1/14/2025,YES,2015-09-27,False,1.0,0201603609649,LINCOLNCTR,Lincoln Center--Quinn Library,LINCOLNCTR,QUINN_X,,,,
123293,Roses for dummies / by Lance Walheim and the editors of the National Gardening Association.,SB411 .W3 1997,LINCOLNCTR,0.0,0.0,0.0,0.0,0.0,0.0,0.0,0.0,0.0,1/14/2025,YES,,False,1.0,0201602530135,LINCOLNCTR,Lincoln Center--Quinn Library,LINCOLNCTR,QUINN_X,,,,
123295,Container gardening for dummies / by Bill Marken and the editors of the National Gardening Association.,SB418 .M37 1998,LINCOLNCTR,0.0,0.0,0.0,1.0,0.0,0.0,0.0,0.0,0.0,1/14/2025,YES,2001-06-26,False,1.0,0201603025861,LINCOLNCTR,Lincoln Center--Quinn Library,LINCOLNCTR,QUINN_X,,,,
123296,Houseplants for dummies / by Larry Hodgson and the editors of the National Gardening Association.,SB419 .H63 1998,LINCOLNCTR,0.0,0.0,0.0,21.0,0.0,1.0,0.0,0.0,0.0,1/14/2025,YES,2014-09-09,False,1.0,0201603298476,LINCOLNCTR,Lincoln Center--Quinn Library,LINCOLNCTR,QUINN_X,,,,
123297,Annuals for dummies / by Bill Marken & the editors of the National Gardening Association.,SB422 .M37 1998,LINCOLNCTR,0.0,0.0,0.0,1.0,0.0,0.0,0.0,0.0,0.0,1/14/2025,YES,2004-06-14,False,1.0,0201603003108,LINCOLNCTR,Lincoln Center--Quinn Library,LINCOLNCTR,QUINN_X,,,,
123298,Flowering bulbs for dummies / by Judy Glattstein and the editors of the National Gardening Association.,SB425 .G52 1998,LINCOLNCTR,0.0,0.0,0.0,0.0,0.0,0.0,0.0,0.0,0.0,1/14/2025,YES,,False,1.0,0201603292057,LINCOLNCTR,Lincoln Center--Quinn Library,LINCOLNCTR,QUINN_X,,,,
123300,Lawn care for dummies / by Lance Walheim & the editors of the National Gardening Association.,SB433 .W35 1998,LINCOLNCTR,0.0,0.0,0.0,0.0,0.0,0.0,0.0,0.0,0.0,1/14/2025,YES,,False,1.0,0201603027669,LINCOLNCTR,Lincoln Center--Quinn Library,LINCOLNCTR,QUINN_X,,,,
123301,Perennials for dummies / by Marcia Tatroe and the editors of the National Gardening Association.,SB434 .T3 1997,LINCOLNCTR,0.0,0.0,0.0,2.0,0.0,0.0,0.0,0.0,0.0,1/14/2025,YES,2004-06-23,False,1.0,0201602535506,LINCOLNCTR,Lincoln Center--Quinn Library,LINCOLNCTR,QUINN_X,,,,
123304,Gardening for dummies / by Mike MacCaskey with Bill Marken & the editors of the National Gardening Association.,SB453 .M238 1999,LINCOLNCTR,0.0,0.0,0.0,2.0,0.0,0.0,0.0,0.0,0.0,1/14/2025,YES,2004-06-23,False,1.0,0201603567318,LINCOLNCTR,Lincoln Center--Quinn Library,LINCOLNCTR,QUINN_X,,,,
123317,"Landscaping for dummies / by Philip Giroux ... [et al.] ; contributions by Michael MacCaskey, Bill Marken, and Sally Roth.",SB472.3 .L36 1999,LINCOLNCTR,0.0,0.0,0.0,0.0,0.0,0.0,0.0,0.0,0.0,1/14/2025,YES,,False,1.0,0201603610589,LINCOLNCTR,Lincoln Center--Quinn Library,LINCOLNCTR,QUINN_X,,,,
123351,Horses for dummies / by Audrey Pavia with Janice M. Posnikoff.,SF285 .P38 1999,LINCOLNCTR,0.0,0.0,0.0,6.0,0.0,0.0,0.0,0.0,0.0,1/14/2025,YES,2007-11-20,False,1.0,0201603753959,LINCOLNCTR,Lincoln Center--Quinn Library,LINCOLNCTR,QUINN_X,,,,
123362,Cats for dummies / by Gina Spadafori and Paul D. Pion ; foreword by Lilian Jackson Braun.,SF442 .S69 1997,LINCOLNCTR,0.0,0.0,0.0,8.0,0.0,0.0,0.0,0.0,0.0,1/14/2025,YES,2001-12-13,False,1.0,0201602745337,LINCOLNCTR,Lincoln Center--Quinn Library,LINCOLNCTR,QUINN_X,,,,
123364,Aquariums for dummies / by Maddy Hargrove and Mic Hargrove.,SF457.3 .H37 1999,LINCOLNCTR,0.0,0.0,0.0,2.0,0.0,0.0,0.0,0.0,0.0,1/14/2025,YES,2003-08-05,False,1.0,0201603869839,LINCOLNCTR,Lincoln Center--Quinn Library,LINCOLNCTR,QUINN_X,,,,
123365,Aquariums for dummies / by Maddy Hargrove and Mic Hargrove.,SF457.3 .H37 1999,LINCOLNCTR,0.0,0.0,0.0,1.0,0.0,0.0,0.0,0.0,0.0,1/14/2025,YES,1999-09-29,False,2.0,0201603869813,LINCOLNCTR,Lincoln Center--Quinn Library,LINCOLNCTR,QUINN_X,,,,
123366,Birds for dummies / by Gina Spadafori and Brian L. Speer ; foreword by Joe Carvalho.,SF461 .S73 1999,LINCOLNCTR,0.0,0.0,0.0,1.0,0.0,0.0,0.0,0.0,0.0,1/14/2025,YES,2005-05-15,False,1.0,0201603920384,LINCOLNCTR,Lincoln Center--Quinn Library,LINCOLNCTR,QUINN_X,,,,
123380,Fishing for dummies / by Peter Kaminsky.,SH441 .K36 1997,LINCOLNCTR,0.0,0.0,0.0,1.0,0.0,0.0,0.0,0.0,0.0,1/14/2025,YES,1999-06-14,False,1.0,0201602565818,LINCOLNCTR,Lincoln Center--Quinn Library,LINCOLNCTR,QUINN_X,,,,
123382,Fly fishing for dummies / by Peter Kaminsky.,SH456 .K36 1998,LINCOLNCTR,0.0,0.0,0.0,5.0,0.0,0.0,0.0,0.0,0.0,1/14/2025,YES,2003-08-26,False,1.0,0201603100821,LINCOLNCTR,Lincoln Center--Quinn Library,LINCOLNCTR,QUINN_X,,,,
123510,AutoCAD release 14 for dummies : quick reference / Ellen Finkelstein.,T385 .F5 1997,LINCOLNCTR,0.0,0.0,0.0,2.0,0.0,0.0,0.0,0.0,0.0,1/14/2025,YES,1999-01-27,False,1.0,0201602849931,LINCOLNCTR,Lincoln Center--Quinn Library,LINCOLNCTR,QUINN_X,,,,
123511,AutoCAD 2000 for dummies : quick reference / by Ellen Finkelstein.,T385 .F52 1999,LINCOLNCTR,0.0,0.0,0.0,0.0,0.0,0.0,0.0,0.0,0.0,1/14/2025,YES,,False,1.0,0201603935432,LINCOLNCTR,Lincoln Center--Quinn Library,LINCOLNCTR,QUINN_X,,,,
123517,Microsoft PhotoDraw 2000 for dummies / by Julie Adair King.,T385 .K564 1999,LINCOLNCTR,0.0,0.0,0.0,0.0,0.0,0.0,0.0,0.0,0.0,1/14/2025,YES,,False,1.0,0201603948666,LINCOLNCTR,Lincoln Center--Quinn Library,LINCOLNCTR,QUINN_X,,,,
123519,PowerPoint 97 for Windows for dummies / by Doug Lowe.,T385 .L688 1996,LINCOLNCTR,0.0,0.0,0.0,15.0,0.0,0.0,0.0,0.0,0.0,1/14/2025,YES,2002-07-24,False,1.0,0201602429031,LINCOLNCTR,Lincoln Center--Quinn Library,LINCOLNCTR,QUINN_X,,,,
123520,PowerPoint 2000 for Windows for dummies / by Doug Lowe with Grace Jasmine.,T385 .L688 1999,LINCOLNCTR,0.0,0.0,0.0,32.0,0.0,0.0,0.0,0.0,0.0,1/14/2025,YES,2007-05-14,False,1.0,0201603569355,LINCOLNCTR,Lincoln Center--Quinn Library,LINCOLNCTR,QUINN_X,,,,
123521,CorelDRAW 7 for dummies / by Deke McClelland ; revised by Julie King.,T385 .M29 1997,LINCOLNCTR,0.0,0.0,0.0,2.0,0.0,0.0,0.0,0.0,0.0,1/14/2025,YES,1998-07-15,False,1.0,0201602577524,LINCOLNCTR,Lincoln Center--Quinn Library,LINCOLNCTR,QUINN_X,,,,
123522,Photoshop 4 for Windows for dummies / by Deke McClelland ; revised by Julie King.,T385 .M335 1997,LINCOLNCTR,0.0,0.0,0.0,1.0,0.0,0.0,0.0,0.0,0.0,1/14/2025,YES,2007-03-20,False,1.0,0201602535522,LINCOLNCTR,Lincoln Center--Quinn Library,LINCOLNCTR,QUINN_X,,,,
123523,Photoshop 5 for Macs for dummies / by Deke McClelland ; revised by Barbara Obermeier.,T385 .M35 1998,LINCOLNCTR,0.0,0.0,0.0,11.0,0.0,0.0,0.0,0.0,0.0,1/14/2025,YES,2006-05-22,False,1.0,0201603313655,LINCOLNCTR,Lincoln Center--Quinn Library,LINCOLNCTR,QUINN_X,,,,
123527,Photoshop 5 for Windows for dummies / by Deke McClelland ; revised by Barbara Obermeier.,T385 .M355 1998,LINCOLNCTR,0.0,0.0,0.0,21.0,0.0,1.0,0.0,0.0,0.0,1/14/2025,YES,2013-01-18,False,1.0,0201603245527,LINCOLNCTR,Lincoln Center--Quinn Library,LINCOLNCTR,QUINN_X,,,,
123530,PowerPoint 97 for Windows for dummies quick reference / by Camille McCue.,T385 .M377999 1998,LINCOLNCTR,0.0,0.0,0.0,10.0,0.0,0.0,0.0,0.0,0.0,1/14/2025,YES,2002-05-06,False,1.0,0201603547849,LINCOLNCTR,Lincoln Center--Quinn Library,LINCOLNCTR,QUINN_X,,,,
123532,AutoCAD release 14 for dummies / by Bud Smith.,T385 .S635 1997,LINCOLNCTR,0.0,0.0,0.0,0.0,0.0,0.0,0.0,0.0,0.0,1/14/2025,YES,,False,1.0,0201602732202,LINCOLNCTR,Lincoln Center--Quinn Library,LINCOLNCTR,QUINN_X,,,,
123684,Home remodeling for dummies / by Morris Carey and James Carey ; foreword by Dom DeLuise.,TH4816 .C27 1998,LINCOLNCTR,0.0,0.0,0.0,0.0,0.0,0.0,0.0,0.0,0.0,1/14/2025,YES,,False,1.0,0201603317110,LINCOLNCTR,Lincoln Center--Quinn Library,LINCOLNCTR,QUINN_X,,,,
123685,Home improvement for dummies / by Gene Hamilton and Katie Hamilton.,TH4817.3 .H354 1998,LINCOLNCTR,0.0,0.0,0.0,6.0,0.0,0.0,0.0,0.0,0.0,1/14/2025,YES,2010-10-26,False,1.0,0201602912192,LINCOLNCTR,Lincoln Center--Quinn Library,LINCOLNCTR,QUINN_X,,,,
123688,Carpentry for dummies / by Gene and Katie Hamilton ; with Roy Barnhart.,TH5607 .H36 1999,LINCOLNCTR,1.0,0.0,0.0,15.0,0.0,2.0,13.0,0.0,0.0,1/14/2025,CHARGED,2024-08-26,False,1.0,0201603883004,LINCOLNCTR,Lincoln Center--Quinn Library,LINCOLNCTR,CHECKEDOUT,,,,
123804,DSL for dummies / by David Angell ; foreword by Reed Hundt.,TK5103.75 .A55 1999,LINCOLNCTR,1.0,0.0,0.0,0.0,0.0,0.0,0.0,0.0,0.0,1/14/2025,CHARGED,2013-10-30,False,1.0,0201603572979,LINCOLNCTR,Lincoln Center--Quinn Library,LINCOLNCTR,MISSING,,,,
123805,DSL for dummies / by David Angell ; foreword by Reed Hundt.,TK5103.75 .A55 2000,LINCOLNCTR,0.0,0.0,0.0,4.0,1.0,0.0,0.0,0.0,0.0,1/14/2025,YES,2016-11-02,False,1.0,0201604198774,LINCOLNCTR,Lincoln Center--Quinn Library,LINCOLNCTR,QUINN_X,,,,
123807,"ATM for dummies / by Cathy Gadecki, and Christine Heckart ; foreword by Allen Robel.",TK5105.35 .G33 1997,LINCOLNCTR,0.0,0.0,0.0,0.0,0.0,0.0,0.0,0.0,0.0,1/14/2025,YES,,False,1.0,0201602544714,LINCOLNCTR,Lincoln Center--Quinn Library,LINCOLNCTR,QUINN_X,,,,
123819,Networking for dummies / by Doug Lowe.,TK5105.5 .L68 1999,LINCOLNCTR,0.0,0.0,0.0,3.0,0.0,0.0,0.0,0.0,0.0,1/14/2025,YES,2001-01-07,False,1.0,0201603749445,LINCOLNCTR,Lincoln Center--Quinn Library,LINCOLNCTR,QUINN_X,,,,
123825,"Networking with NetWare for dummies / by Ed Tittel, Deni Connor, & Earl Follis.",TK5105.7 .T58 1996,LINCOLNCTR,0.0,0.0,0.0,2.0,0.0,0.0,0.0,0.0,0.0,1/14/2025,YES,1997-05-05,False,1.0,0201602429098,LINCOLNCTR,Lincoln Center--Quinn Library,LINCOLNCTR,QUINN_X,,,,
123829,"Internet telephony for dummies / by Daniel D. Briere, Patrick J. Hurley, and Rebecca Wetzel ; foreword by Tom Evslin.",TK5105.875.I57 B75 1997,LINCOLNCTR,1.0,0.0,0.0,5.0,0.0,0.0,0.0,0.0,0.0,1/14/2025,CHARGED,2007-12-06,False,1.0,0201602711164,LINCOLNCTR,Lincoln Center--Quinn Library,LINCOLNCTR,MISSING,,,,
123837,"The Internet for dummies / by John R. Levine, Carol Baroudi, and Margaret Levine Young ; foreword by Paul McCloskey.",TK5105.875.I57 L48 1997,LINCOLNCTR,0.0,0.0,0.0,4.0,0.0,0.0,0.0,0.0,0.0,1/14/2025,YES,1998-04-05,False,1.0,0201602535605,LINCOLNCTR,Lincoln Center--Quinn Library,LINCOLNCTR,QUINN_X,,,,
123838,"The Internet for dummies / by John R. Levine, Carol Baroudi, and Margaret Levine Young.",TK5105.875.I57 L48 1998,LINCOLNCTR,0.0,0.0,0.0,3.0,0.0,0.0,0.0,0.0,0.0,1/14/2025,YES,1999-05-19,False,1.0,0201603017520,LINCOLNCTR,Lincoln Center--Quinn Library,LINCOLNCTR,QUINN_X,,,,
123839,More Internet for dummies / John R. Levine and Margaret Levine Young ; foreword by Ted Nelson.,TK5105.875.I57 L485 1997,LINCOLNCTR,0.0,0.0,0.0,2.0,0.0,0.0,0.0,0.0,0.0,1/14/2025,YES,1998-07-15,False,1.0,0201602611968,LINCOLNCTR,Lincoln Center--Quinn Library,LINCOLNCTR,QUINN_X,,,,
123845,Internet Explorer 4 for Windows for dummies quick reference / by Greg Harvey.,TK5105.883.M53 H37 1997,LINCOLNCTR,0.0,0.0,0.0,2.0,0.0,0.0,0.0,0.0,0.0,1/14/2025,YES,2000-05-17,False,1.0,0201602988077,LINCOLNCTR,Lincoln Center--Quinn Library,LINCOLNCTR,QUINN_X,,,,
123846,Internet Explorer 4 for Windows for dummies / by Doug Lowe.,TK5105.883.M53 L63 1997,LINCOLNCTR,0.0,0.0,0.0,1.0,0.0,0.0,0.0,0.0,0.0,1/14/2025,YES,1998-09-17,False,1.0,0201602831541,LINCOLNCTR,Lincoln Center--Quinn Library,LINCOLNCTR,QUINN_X,,,,
123848,Netscape Communicator 4 for dummies / by Paul Hoffman.,TK5105.883.N48 H64 1997,LINCOLNCTR,0.0,0.0,0.0,1.0,0.0,0.0,0.0,0.0,0.0,1/14/2025,YES,1997-10-27,False,1.0,0201602686069,LINCOLNCTR,Lincoln Center--Quinn Library,LINCOLNCTR,QUINN_X,,,,
123850,Netscape Communicator 4 for dummies quick reference / by Viraf D. Mohta.,TK5105.883.N48 M64 1997,LINCOLNCTR,0.0,0.0,0.0,2.0,0.0,0.0,0.0,0.0,0.0,1/14/2025,YES,1998-02-02,False,1.0,0201602717443,LINCOLNCTR,Lincoln Center--Quinn Library,LINCOLNCTR,QUINN_X,,,,
123851,WebTV for dummies / by Brad Hill.,TK5105.883.W43 H55 1998,LINCOLNCTR,0.0,0.0,0.0,0.0,0.0,0.0,0.0,0.0,0.0,1/14/2025,YES,,False,1.0,0201603018841,LINCOLNCTR,Lincoln Center--Quinn Library,LINCOLNCTR,QUINN_X,,,,
123852,Push technology for dummies / by Bud Smith.,TK5105.887 .S65 1997,LINCOLNCTR,0.0,0.0,0.0,1.0,0.0,0.0,0.0,0.0,0.0,1/14/2025,YES,1998-04-19,False,1.0,0201602958534,LINCOLNCTR,Lincoln Center--Quinn Library,LINCOLNCTR,QUINN_X,,,,
123860,Web design & desktop publishing for dummies / by Roger C. Parker.,TK5105.888 .P37 1997,LINCOLNCTR,0.0,0.0,0.0,15.0,0.0,0.0,1.0,0.0,0.0,1/14/2025,YES,2012-04-25,False,1.0,0201603026661,LINCOLNCTR,Lincoln Center--Quinn Library,LINCOLNCTR,QUINN_X,,,,
123900,Dragon NaturallySpeaking for dummies / by David Kay and Douglas Muder.,TK7882.S65 K39 1999,LINCOLNCTR,0.0,0.0,0.0,1.0,0.0,0.0,0.0,0.0,0.0,1/14/2025,YES,2000-10-10,False,1.0,0201603937842,LINCOLNCTR,Lincoln Center--Quinn Library,LINCOLNCTR,QUINN_X,,,,
123905,Modems for dummies / by Tina Rathbone.,TK7887.8.M63 R38 1996,LINCOLNCTR,0.0,0.0,0.0,5.0,0.0,0.0,0.0,0.0,0.0,1/14/2025,YES,2000-08-29,False,1.0,0201602389623,LINCOLNCTR,Lincoln Center--Quinn Library,LINCOLNCTR,QUINN_X,,,,
123907,Upgrading & fixing PCs for dummies  / by Andy Rathbone.,TK7887 .R38 1997,LINCOLNCTR,0.0,0.0,0.0,6.0,0.0,0.0,0.0,0.0,0.0,1/14/2025,YES,2000-01-09,False,1.0,0201602632410,LINCOLNCTR,Lincoln Center--Quinn Library,LINCOLNCTR,QUINN_X,,,,
123908,Upgrading & fixing PCs for dummies / Andy Rathbone.,TK7887 .R38 1998,LINCOLNCTR,0.0,0.0,0.0,1.0,0.0,0.0,0.0,0.0,0.0,1/14/2025,YES,1999-04-20,False,1.0,0201603354287,LINCOLNCTR,Lincoln Center--Quinn Library,LINCOLNCTR,QUINN_X,,,,
123923,Building a PC for dummies / by Mark Chambers.,TK9969 .C476 1998,LINCOLNCTR,1.0,1.0,0.0,6.0,0.0,0.0,0.0,0.0,0.0,1/14/2025,CHARGED,2002-05-07,False,1.0,0201603018080,LINCOLNCTR,Lincoln Center--Quinn Library,LINCOLNCTR,LOST-ASSUM,,,,
123932,Auto repair for dummies / by Deanna Sclar.,TL152 .S42 1999,LINCOLNCTR,0.0,0.0,0.0,5.0,0.0,0.0,0.0,0.0,0.0,1/14/2025,YES,2000-12-18,False,1.0,0201603882980,LINCOLNCTR,Lincoln Center--Quinn Library,LINCOLNCTR,QUINN_X,,,,
123935,Buying a car for dummies / Deanna Sclar.,TL162 .S34 1998,LINCOLNCTR,0.0,0.0,0.0,0.0,0.0,0.0,0.0,0.0,0.0,1/14/2025,YES,,False,1.0,0201603296868,LINCOLNCTR,Lincoln Center--Quinn Library,LINCOLNCTR,QUINN_X,,,,
124085,Red wine for dummies / by Ed McCarthy and Mary Ewing-Mulligan.,TP548 .M325 1996,LINCOLNCTR,0.0,0.0,0.0,6.0,0.0,0.0,0.0,0.0,0.0,1/14/2025,YES,2000-01-04,False,1.0,0201602312344,LINCOLNCTR,Lincoln Center--Quinn Library,LINCOLNCTR,QUINN_X,,,,
124086,White wine for dummies / by Ed McCarthy and Mary Ewing-Mulligan.,TP548 .M326 1996,LINCOLNCTR,0.0,0.0,0.0,5.0,0.0,0.0,0.0,0.0,0.0,1/14/2025,YES,2000-01-04,False,1.0,0201602312849,LINCOLNCTR,Lincoln Center--Quinn Library,LINCOLNCTR,QUINN_X,,,,
124087,Wine buying companion for dummies / by Ed McCarthy and Mary Ewing-Mulligan.,TP548 .M327 1997,LINCOLNCTR,0.0,0.0,0.0,4.0,0.0,0.0,0.0,0.0,0.0,1/14/2025,YES,1998-06-14,False,1.0,0201602794020,LINCOLNCTR,Lincoln Center--Quinn Library,LINCOLNCTR,QUINN_X,,,,
124088,Wine for dummies / by Ed McCarthy and Mary Ewing-Mulligan ; foreword by Piero Antinori.,TP548 .M3275 1998,LINCOLNCTR,0.0,0.0,0.0,27.0,0.0,1.0,0.0,0.0,0.0,1/14/2025,YES,2011-03-24,False,1.0,0201603346408,LINCOLNCTR,Lincoln Center--Quinn Library,LINCOLNCTR,QUINN_X,,,,
124089,Champagne for dummies / by Ed McCarthy ; foreword by Richard Geoffroy.,TP555 .M22 1999,LINCOLNCTR,0.0,0.0,0.0,3.0,0.0,0.0,0.0,0.0,0.0,1/14/2025,YES,2007-09-20,False,1.0,0201603937800,LINCOLNCTR,Lincoln Center--Quinn Library,LINCOLNCTR,QUINN_X,,,,
124092,Homebrewing for dummies / by Marty Nachel.,TP570 .N33 1997,LINCOLNCTR,0.0,0.0,0.0,7.0,0.0,4.0,0.0,0.0,0.0,1/14/2025,YES,2013-04-15,False,1.0,0201602795415,LINCOLNCTR,Lincoln Center--Quinn Library,LINCOLNCTR,QUINN_X,,,,
124134,Photography for dummies / by Russell Hart ; with addditional writing by Dan Richards.,TR146 .H37 1998,LINCOLNCTR,0.0,0.0,0.0,24.0,0.0,0.0,0.0,0.0,0.0,1/14/2025,YES,2008-01-23,False,1.0,0201603181854,LINCOLNCTR,Lincoln Center--Quinn Library,LINCOLNCTR,QUINN_X,,,,
124267,Crafts for dummies : by Leslie Linsley.,TT157 .L55 1999,LINCOLNCTR,0.0,0.0,0.0,2.0,0.0,0.0,0.0,0.0,0.0,1/14/2025,YES,2010-01-11,False,1.0,0201603855531,LINCOLNCTR,Lincoln Center--Quinn Library,LINCOLNCTR,QUINN_X,,,,
124272,"Painting and wallpapering for dummies / by Gene Hamilton, Katie Hamilton, & Roy Barnhart.",TT320 .H36 1999,LINCOLNCTR,0.0,0.0,0.0,7.0,0.0,0.0,0.0,0.0,0.0,1/14/2025,YES,2000-01-22,False,1.0,0201603749148,LINCOLNCTR,Lincoln Center--Quinn Library,LINCOLNCTR,QUINN_X,,,,
124282,Sewing for dummies / by Jan Saunders.,TT708 .S38 1999,LINCOLNCTR,0.0,0.0,0.0,18.0,0.0,1.0,0.0,0.0,0.0,1/14/2025,YES,2014-08-04,False,1.0,0201603869672,LINCOLNCTR,Lincoln Center--Quinn Library,LINCOLNCTR,QUINN_X,,,,
124283,Quilting for dummies / by Cheryl Fall.,TT835 .F35 1999,LINCOLNCTR,0.0,0.0,0.0,32.0,0.0,1.0,7.0,0.0,0.0,1/14/2025,YES,2012-12-19,False,1.0,0201603570049,LINCOLNCTR,Lincoln Center--Quinn Library,LINCOLNCTR,QUINN_X,,,,
124290,Household hints for dummies / by Janet Sobesky.,TX301 .S63 1999,LINCOLNCTR,0.0,0.0,0.0,15.0,0.0,0.0,0.0,0.0,0.0,1/14/2025,YES,2006-05-12,False,1.0,0201603750039,LINCOLNCTR,Lincoln Center--Quinn Library,LINCOLNCTR,QUINN_X,,,,
124291,Smart homes for dummies / by Danny Briere and Pat Hurely.,TX303 .B75 1999,LINCOLNCTR,0.0,0.0,0.0,2.0,0.0,0.0,0.0,0.0,0.0,1/14/2025,YES,2006-03-03,False,1.0,0201603753934,LINCOLNCTR,Lincoln Center--Quinn Library,LINCOLNCTR,QUINN_X,,,,
124333,Gourmet cooking for dummies / by Charlie Trotter with Judi Carle and Sari Zernich ; photography by Tim Turner ; foreword by Emeril Lagasse.,TX651 .T75 1997,LINCOLNCTR,0.0,0.0,0.0,5.0,0.0,0.0,0.0,0.0,0.0,1/14/2025,YES,2009-10-09,False,1.0,0201602745311,LINCOLNCTR,Lincoln Center--Quinn Library,LINCOLNCTR,QUINN_X,,,,
124335,Cooking with kids for dummies / by Kate Heyhoe ; foreword by Mollie Katzen.,TX661 .H49 1999,LINCOLNCTR,0.0,0.0,0.0,8.0,0.0,2.0,0.0,0.0,0.0,1/14/2025,YES,2015-05-15,False,1.0,0201603574504,LINCOLNCTR,Lincoln Center--Quinn Library,LINCOLNCTR,QUINN_X,,,,
124338,Mexican cooking for dummies / by Mary Sue Milliken and Susan Feniger with Helene Siegel.,TX716.M4 M55 1999,LINCOLNCTR,0.0,0.0,0.0,4.0,0.0,0.0,0.0,0.0,0.0,1/14/2025,YES,2006-08-17,False,1.0,0201603895990,LINCOLNCTR,Lincoln Center--Quinn Library,LINCOLNCTR,QUINN_X,,,,
124343,Seafood cooking for dummies / by Leslie Beal Bloom and Marcie Ver Ploeg.,TX747 .B56 1999,LINCOLNCTR,0.0,0.0,0.0,8.0,0.0,1.0,0.0,0.0,0.0,1/14/2025,YES,2013-09-26,False,1.0,0201603883020,LINCOLNCTR,Lincoln Center--Quinn Library,LINCOLNCTR,QUINN_X,,,,
124344,Desserts for dummies / by Bryan Miller and Bill Yosses.,TX773 .M55 1997,LINCOLNCTR,0.0,0.0,0.0,11.0,0.0,0.0,0.0,0.0,0.0,1/14/2025,YES,2008-04-09,False,1.0,0201602773776,LINCOLNCTR,Lincoln Center--Quinn Library,LINCOLNCTR,QUINN_X,,,,
124347,Grilling for dummies / by Marie Rama and John Mariani.,TX840.B3 R36 1998,LINCOLNCTR,0.0,0.0,0.0,17.0,0.0,0.0,0.0,0.0,0.0,1/14/2025,YES,2002-11-09,False,1.0,0201603101365,LINCOLNCTR,Lincoln Center--Quinn Library,LINCOLNCTR,QUINN_X,,,,
125104,Adobe InDesign for dummies / by Deke McClelland and Amy Thomas Buscaglia.,Z253.532.I6 M29 1999,LINCOLNCTR,0.0,0.0,0.0,11.0,0.0,1.0,0.0,0.0,0.0,1/14/2025,YES,2012-01-08,False,1.0,0201603896725,LINCOLNCTR,Lincoln Center--Quinn Library,LINCOLNCTR,QUINN_X,,,,
